SDI_mean,KSI_mean,MI_mean,Chi2_mean,Entropy_mean,MI_boot_mean,C,D,CDCI
0.00431301824212272,0.32935323383084575,0.8254411979592675,4.435024875621891,2.576723681757092,1.189501832793574,0.004893712179018562,0.6901862494723403,0.34753998082567944
