SDI_mean,KSI_mean,MI_mean,Chi2_mean,Entropy_mean,MI_boot_mean,C,D,CDCI
0.01462686567164179,0.32039800995024875,2.000237511242333,29.274626865671642,4.597510438849546,2.4625526217774967,0.055854430778751504,0.40885743739224656,0.23235593408549904
