mode,SDI_mean,KSI_mean,MI_mean,Entropy_mean,CDCI,C_index,D_index
fixed,0.01462686567164179,0.32039800995024875,2.000237511242333,4.597510438849546,0.23235593408549904,0.055854430778751504,0.40885743739224656
random_mean,0.0137363184079602,0.3093532338308458,1.9953766324125417,4.587688661168614,0.23324583015185224,0.05635498385510791,0.4101366764485966
