mode,SDI_mean,KSI_mean,MI_mean,Entropy_mean,CDCI,C_index,D_index
fixed,0.005000000000000001,1.0,4.584193874722132,4.584193875826337,0.19029296980906463,0.06028344114476568,0.32030249847336356
random_mean,0.005000000000000002,1.0,4.584193874722132,4.584193875826337,0.19050013660277373,0.06069777473218395,0.3203024984733636
