SDI_mean,SDI_std,KSI_mean,MI_mean,Chi2_mean,Entropy_mean,MI_boot_mean,C,D,CDCI
0.005000000000000001,8.673617379884035e-19,1.0,4.584193874722132,32.647999999999996,4.584193875826337,4.492625010266927,0.06028344114476568,0.32030249847336356,0.19029296980906463
