mode,SDI_mean,KSI_mean,MI_mean,Entropy_mean,CDCI,C_index,D_index
fixed,0.005000000000000001,0.06300000000000001,4.598880592536363,4.59888059362317,0.18366552582776863,0.049038781732226935,0.31829226992331033
random_mean,0.005000000000000002,0.07709999999999999,4.5988805925363625,4.59888059362317,0.1834635739079741,0.048634877892637894,0.31829226992331033
