SDI_mean,KSI_mean,MI_mean,Chi2_mean,Entropy_mean,MI_boot_mean,C,D,CDCI
0.005000000000000001,0.06300000000000001,4.598880592536363,30.932000000000006,4.59888059362317,4.5074643769953315,0.049038781732226935,0.31829226992331033,0.18366552582776863
