SDI_mean,KSI_mean,MI_mean,Chi2_mean,Entropy_mean,MI_boot_mean,C,D,CDCI
0.0049019607843137246,0.30196078431372547,1.836659470816794,31.32549019607843,4.596462447714371,2.3591874529278773,0.000689760362803591,0.4463959966248912,0.2235428784938474
