mode,SDI_mean,KSI_mean,MI_mean,Entropy_mean,CDCI,C_index,D_index
fixed,0.0049019607843137246,0.30196078431372547,1.836659470816794,4.596462447714371,0.2235428784938474,0.000689760362803591,0.4463959966248912
random_mean,0.004963199072732542,0.3380452332657201,1.8660074971046605,4.596107176498567,0.2196586710357261,0.0006583731531852507,0.438658968918267
