mode,SDI_mean,KSI_mean,MI_mean,Entropy_mean,CDCI,C_index,D_index
fixed,0.005000000000000001,0.333,3.191843078274509,4.606835221583355,0.23509805404310258,0.07049870431438163,0.39969740377182356
random_mean,0.005000000000000002,0.2048,2.832881070553296,4.5671076205152925,0.23478948557719556,0.07102691905149391,0.3985520521028972
