SDI_mean,KSI_mean,MI_mean,Chi2_mean,Entropy_mean,MI_boot_mean,C,D,CDCI
0.005000000000000001,0.333,3.191843078274509,26.46,4.606835221583355,3.2960808955022634,0.07049870431438163,0.39969740377182356,0.23509805404310258
